Workbook

Sheet Sheet4
A1: 事项类型 | B1: (多项)
A2: 所属的ADPM需求 | B2: (多项)
A4: 用人科室 | B4: 求和项:工时（小时） | F4: 用人科室 | G4: 总人天数 | H4: 总人天数 | I4: 应关联ADPM人天数 | J4: 关联ADPM需求工时数量 | K4: 关联ADPM需求人天数量 | L4: 比例
A5: 数据开发部 | B5: 300.75 | F5: 数据测试部 | G5: 278.4499 | H5: 39.87 | I5: =G5/8.5 -> 32.758812 | K5: =J5/8.5 -> 0 | L5: =K5/I5 -> 0
A6: 数据平台部 | B6: 349.1333 | F6: 数据开发部 | G6: 1878.2662 | H6: 410.24 | I6: =G6/8.5 -> 220.97249 | J6: 300.75 | K6: =J6/8.5 -> 35.382353 | L6: =K6/I6 -> 0.16012107
A7: 信息管理部 | B7: 280.5 | F7: 数据平台部 | G7: 1225.3331 | H7: 241.66 | I7: =G7/8.5 -> 144.15684 | J7: 349.1333 | K7: =J7/8.5 -> 41.074506 | L7: =K7/I7 -> 0.2849293
A8: 智能应用二部 | B8: 76.5 | F8: 智能平台部 | G8: 160.6835 | H8: 37 | I8: =G8/8.5 -> 18.903941 | K8: =J8/8.5 -> 0 | L8: =K8/I8 -> 0
A9: 智能应用一部 | B9: 76.5 | F9: 智能应用二部 | G9: 919.4165 | H9: 201.5 | I9: =G9/8.5 -> 108.16665 | J9: 76.5 | K9: =J9/8.5 -> 9 | L9: =K9/I9 -> 0.083204946
A10: 总计 | B10: 1083.3833 | F10: 智能应用一部 | G10: 860.6997 | H10: 141.41 | I10: =G10/8.5 -> 101.25879 | J10: 76.5 | K10: =J10/8.5 -> 9 | L10: =K10/I10 -> 0.088881174

Sheet 数管部工时明细
A1: 工作日期 | B1: 姓名 | C1: 工号 | D1: 所属科室 | E1: 所属分组 | F1: 任务描述 | G1: 应用系统 | H1: 批次 | I1: 所属的ADPM需求 | J1: 工作类型 | K1: 工时（小时） | L1: 事项类型
A2: 46106.699 | B2: 崔建文 | C2: 304059 | D2: 智能应用一部 | E2: =VLOOKUP(B2,'人员清单-202603'!D:J,7,FALSE) -> 对公应用组 | F2: 反诈机器学习模型0327版本开发测试 | I2: 关于反电诈管理项目的需求 | K2: 8.5 | L2: 开发（含模型、应用、数仓等）
A3: 46106.661 | B3: 沈子新 | C3: 307311 | D3: 智能应用一部 | E3: =VLOOKUP(B3,'人员清单-202603'!D:J,7,FALSE) -> 对公应用组 | F3: 信贷场景MVP版本327版本开发 | K3: 8.5 | L3: 项目管理（含外包管理）
A4: 46106.596 | B4: 张雨轩 | C4: 307357 | D4: 智能应用一部 | E4: =VLOOKUP(B4,'人员清单-202603'!D:J,7,FALSE) -> 对公应用组 | F4: 生产_智能问数实体召回策略优化 | K4: 8 | L4: 开发（含模型、应用、数仓等）
A5: 46106.573 | B5: 吕晶 | C5: 307442 | D5: 智能应用一部 | E5: =VLOOKUP(B5,'人员清单-202603'!D:J,7,FALSE) -> 零售应用组 | F5: 中试基地材料准备 | K5: 8.5 | L5: 其他
A6: 46106.416 | B6: 赵家乐 | C6: 307628 | D6: 智能应用一部 | E6: =VLOOKUP(B6,'人员清单-202603'!D:J,7,FALSE) -> 对公应用组 | F6: 流水鉴真场景327版本开发 | K6: 4.25 | L6: 生产运维
A7: 46106.416 | B7: 赵家乐 | C7: 307628 | D7: 智能应用一部 | E7: =VLOOKUP(B7,'人员清单-202603'!D:J,7,FALSE) -> 对公应用组 | F7: 信贷场景MVP版本327版本开发 | K7: 4.25 | L7: 项目管理（含外包管理）
A8: 46106.384 | B8: 陈彦百 | C8: 307310 | D8: 智能应用一部 | E8: =VLOOKUP(B8,'人员清单-202603'!D:J,7,FALSE) -> 对公应用组 | F8: 智能问数标准化取数工具封装(基于Langchain) | K8: 4.25 | L8: 开发（含模型、应用、数仓等）
A9: 46106.384 | B9: 陈彦百 | C9: 307310 | D9: 智能应用一部 | E9: =VLOOKUP(B9,'人员清单-202603'!D:J,7,FALSE) -> 对公应用组 | F9: AI需求分发/评审 | K9: 4.25 | L9: 设计（含可行性方案、概设、详设等）
A10: 46106.381 | B10: 朱嘉玮 | C10: 307441 | D10: 智能应用一部 | E10: =VLOOKUP(B10,'人员清单-202603'!D:J,7,FALSE) -> 零售应用组 | F10: 创景AI客户经营 | K10: 8.5 | L10: 设计（含可行性方案、概设、详设等）
A11: 46106.376 | B11: 祁鑫 | C11: 304932 | D11: 智能应用一部 | E11: =VLOOKUP(B11,'人员清单-202603'!D:J,7,FALSE) -> 对公应用组 | F11: 信贷场景MVP327版本上线准备 | K11: 8.5 | L11: 评审（含架构评审、代码评审、CAB等）
A12: 46106.368 | B12: 陈睿菁 | C12: 307451 | D12: 智能应用一部 | E12: =VLOOKUP(B12,'人员清单-202603'!D:J,7,FALSE) -> 对公应用组 | F12: 信贷场景MVP版本327版本开发 | K12: 8.5 | L12: 项目管理（含外包管理）
A13: 46106.361 | B13: 宛蕾 | C13: 307447 | D13: 智能应用一部 | E13: =VLOOKUP(B13,'人员清单-202603'!D:J,7,FALSE) -> 零售应用组 | F13: 【AI客户经营】智能外呼分析 | K13: 8.5 | L13: 其他
A14: 46106.349 | B14: 许天凝 | C14: 306180 | D14: 智能应用一部 | E14: =VLOOKUP(B14,'人员清单-202603'!D:J,7,FALSE) -> 零售应用组 | F14: 【办公助手】测评与知识运营协助 | K14: 8.5 | L14: 测试（含模型、应用、数仓等）
A15: 46106.326 | B15: 张镓奇 | C15: 304773 | D15: 智能应用一部 | E15: =VLOOKUP(B15,'人员清单-202603'!D:J,7,FALSE) -> 对公应用组 | F15: 智能问数标准化取数工具封装(基于Langchain) | K15: 8.5 | L15: 开发（含模型、应用、数仓等）
A16: 46105.793 | B16: 杨婧 | C16: 304304 | D16: 智能应用一部 | E16: =VLOOKUP(B16,'人员清单-202603'!D:J,7,FALSE) -> 对公应用组 | F16: 0327版本服务器申请与上线评审准备 | G16: 尽调报告助手 | I16: 关于优化AI原生的智能化尽调的需求 | K16: 2.8333 | L16: 生产运维
A17: 46105.793 | B17: 杨婧 | C17: 304304 | D17: 智能应用一部 | E17: =VLOOKUP(B17,'人员清单-202603'!D:J,7,FALSE) -> 对公应用组 | F17: 长文本智能分析mq更换 | K17: 2.8333 | L17: 项目管理（含外包管理）
A18: 46105.793 | B18: 杨婧 | C18: 304304 | D18: 智能应用一部 | E18: =VLOOKUP(B18,'人员清单-202603'!D:J,7,FALSE) -> 对公应用组 | F18: AI需求分发/评审 | K18: 2.8333 | L18: 设计（含可行性方案、概设、详设等）
A19: 46105.596 | B19: 张雨轩 | C19: 307357 | D19: 智能应用一部 | E19: =VLOOKUP(B19,'人员清单-202603'!D:J,7,FALSE) -> 对公应用组 | F19: 生产_智能问数实体召回策略优化 | K19: 8 | L19: 开发（含模型、应用、数仓等）
A20: 46105.417 | B20: 沈子新 | C20: 307311 | D20: 智能应用一部 | E20: =VLOOKUP(B20,'人员清单-202603'!D:J,7,FALSE) -> 对公应用组 | F20: 信贷场景MVP版本327版本开发 | K20: 8.5 | L20: 项目管理（含外包管理）
A21: 46105.404 | B21: 崔建文 | C21: 304059 | D21: 智能应用一部 | E21: =VLOOKUP(B21,'人员清单-202603'!D:J,7,FALSE) -> 对公应用组 | F21: 绿色金融业务管理项目大模型场景费用预算与资源规划 | I21: 绿色金融业务管理系统 | K21: 4.25 | L21: 设计（含可行性方案、概设、详设等）
A22: 46105.404 | B22: 崔建文 | C22: 304059 | D22: 智能应用一部 | E22: =VLOOKUP(B22,'人员清单-202603'!D:J,7,FALSE) -> 对公应用组 | F22: 反诈机器学习模型0327版本开发测试 | I22: 关于反电诈管理项目的需求 | K22: 4.25 | L22: 开发（含模型、应用、数仓等）
A23: 46105.401 | B23: 陈睿菁 | C23: 307451 | D23: 智能应用一部 | E23: =VLOOKUP(B23,'人员清单-202603'!D:J,7,FALSE) -> 对公应用组 | F23: 信贷场景MVP版本327版本开发 | K23: 8.5 | L23: 项目管理（含外包管理）
A24: 46105.382 | B24: 朱嘉玮 | C24: 307441 | D24: 智能应用一部 | E24: =VLOOKUP(B24,'人员清单-202603'!D:J,7,FALSE) -> 零售应用组 | F24: 创景AI客户经营 | K24: 8.5 | L24: 设计（含可行性方案、概设、详设等）
A25: 46105.381 | B25: 占桐 | C25: 307307 | D25: 智能应用一部 | E25: =VLOOKUP(B25,'人员清单-202603'!D:J,7,FALSE) -> 零售应用组 | F25: 创景AI客户经营 | K25: 8.5 | L25: 设计（含可行性方案、概设、详设等）
A26: 46105.369 | B26: 陈彦百 | C26: 307310 | D26: 智能应用一部 | E26: =VLOOKUP(B26,'人员清单-202603'!D:J,7,FALSE) -> 对公应用组 | F26: AI需求分发/评审 | K26: 8.5 | L26: 设计（含可行性方案、概设、详设等）
A27: 46105.368 | B27: 吕晶 | C27: 307442 | D27: 智能应用一部 | E27: =VLOOKUP(B27,'人员清单-202603'!D:J,7,FALSE) -> 零售应用组 | F27: 远银场景大模型 | K27: 8.5 | L27: 设计（含可行性方案、概设、详设等）
A28: 46105.368 | B28: 祁鑫 | C28: 304932 | D28: 智能应用一部 | E28: =VLOOKUP(B28,'人员清单-202603'!D:J,7,FALSE) -> 对公应用组 | F28: 信贷场景MVP327版本上线准备 | K28: 4.25 | L28: 评审（含架构评审、代码评审、CAB等）
A29: 46105.366 | B29: 祁鑫 | C29: 304932 | D29: 智能应用一部 | E29: =VLOOKUP(B29,'人员清单-202603'!D:J,7,FALSE) -> 对公应用组 | F29: 信贷场景MVP版本327版本开发 | K29: 4.25 | L29: 项目管理（含外包管理）
A30: 46105.366 | B30: 赵家乐 | C30: 307628 | D30: 智能应用一部 | E30: =VLOOKUP(B30,'人员清单-202603'!D:J,7,FALSE) -> 对公应用组 | F30: 流水鉴真场景327版本开发 | K30: 4.25 | L30: 生产运维
A31: 46105.366 | B31: 赵家乐 | C31: 307628 | D31: 智能应用一部 | E31: =VLOOKUP(B31,'人员清单-202603'!D:J,7,FALSE) -> 对公应用组 | F31: 信贷场景MVP版本327版本开发 | K31: 4.25 | L31: 项目管理（含外包管理）
A32: 46105.366 | B32: 宛蕾 | C32: 307447 | D32: 智能应用一部 | E32: =VLOOKUP(B32,'人员清单-202603'!D:J,7,FALSE) -> 零售应用组 | F32: 【AI客户经营】智能外呼分析 | K32: 8.5 | L32: 其他
A33: 46105.356 | B33: 许天凝 | C33: 306180 | D33: 智能应用一部 | E33: =VLOOKUP(B33,'人员清单-202603'!D:J,7,FALSE) -> 零售应用组 | F33: 【例行工作】知识运营 | K33: 4.25 | L33: 项目管理（含外包管理）
A34: 46105.356 | B34: 许天凝 | C34: 306180 | D34: 智能应用一部 | E34: =VLOOKUP(B34,'人员清单-202603'!D:J,7,FALSE) -> 零售应用组 | F34: 【办公助手】测评与知识运营协助 | K34: 4.25 | L34: 测试（含模型、应用、数仓等）
A35: 46105.323 | B35: 张镓奇 | C35: 304773 | D35: 智能应用一部 | E35: =VLOOKUP(B35,'人员清单-202603'!D:J,7,FALSE) -> 对公应用组 | F35: 智能问数标准化取数工具封装(基于Langchain) | K35: 8.5 | L35: 开发（含模型、应用、数仓等）
A36: 46104.659 | B36: 崔建文 | C36: 304059 | D36: 智能应用一部 | E36: =VLOOKUP(B36,'人员清单-202603'!D:J,7,FALSE) -> 对公应用组 | F36: 反诈机器学习模型0327版本开发测试 | I36: 关于反电诈管理项目的需求 | K36: 4.25 | L36: 开发（含模型、应用、数仓等）
A37: 46104.659 | B37: 崔建文 | C37: 304059 | D37: 智能应用一部 | E37: =VLOOKUP(B37,'人员清单-202603'!D:J,7,FALSE) -> 对公应用组 | F37: 绿色金融业务管理项目大模型场景费用预算与资源规划 | I37: 绿色金融业务管理系统 | K37: 4.25 | L37: 设计（含可行性方案、概设、详设等）
A38: 46104.613 | B38: 许天凝 | C38: 306180 | D38: 智能应用一部 | E38: =VLOOKUP(B38,'人员清单-202603'!D:J,7,FALSE) -> 零售应用组 | F38: 【办公助手】测评与知识运营协助 | K38: 4.25 | L38: 测试（含模型、应用、数仓等）
A39: 46104.608 | B39: 杨婧 | C39: 304304 | D39: 智能应用一部 | E39: =VLOOKUP(B39,'人员清单-202603'!D:J,7,FALSE) -> 对公应用组 | F39: AI需求分发/评审 | K39: 4.25 | L39: 设计（含可行性方案、概设、详设等）
A40: 46104.608 | B40: 杨婧 | C40: 304304 | D40: 智能应用一部 | E40: =VLOOKUP(B40,'人员清单-202603'!D:J,7,FALSE) -> 对公应用组 | F40: 长文本智能分析mq更换 | K40: 4.25 | L40: 项目管理（含外包管理）
A41: 46104.581 | B41: 吕晶 | C41: 307442 | D41: 智能应用一部 | E41: =VLOOKUP(B41,'人员清单-202603'!D:J,7,FALSE) -> 零售应用组 | F41: 远银场景大模型 | K41: 8.5 | L41: 设计（含可行性方案、概设、详设等）
A42: 46104.569 | B42: 宛蕾 | C42: 307447 | D42: 智能应用一部 | E42: =VLOOKUP(B42,'人员清单-202603'!D:J,7,FALSE) -> 零售应用组 | F42: 【AI客户经营】智能外呼分析 | K42: 8.5 | L42: 其他
A43: 46104.567 | B43: 陈彦百 | C43: 307310 | D43: 智能应用一部 | E43: =VLOOKUP(B43,'人员清单-202603'!D:J,7,FALSE) -> 对公应用组 | F43: 本体论智能问数接口配合开发 | K43: 2.1167 | L43: 项目管理（含外包管理）
A44: 46104.567 | B44: 陈彦百 | C44: 307310 | D44: 智能应用一部 | E44: =VLOOKUP(B44,'人员清单-202603'!D:J,7,FALSE) -> 对公应用组 | F44: 问数、报告生成场景涉及deepseek r1模型切换及效果调优 | K44: 2.1167 | L44: 开发（含模型、应用、数仓等）
A45: 46104.567 | B45: 陈彦百 | C45: 307310 | D45: 智能应用一部 | E45: =VLOOKUP(B45,'人员清单-202603'!D:J,7,FALSE) -> 对公应用组 | F45: 资产托管dify平台大模型知识库 | K45: 2.1167 | L45: 开发（含模型、应用、数仓等）
A46: 46104.566 | B46: 陈彦百 | C46: 307310 | D46: 智能应用一部 | E46: =VLOOKUP(B46,'人员清单-202603'!D:J,7,FALSE) -> 对公应用组 | F46: AI需求分发/评审 | K46: 2.15 | L46: 设计（含可行性方案、概设、详设等）
A47: 46104.423 | B47: 张雨轩 | C47: 307357 | D47: 智能应用一部 | E47: =VLOOKUP(B47,'人员清单-202603'!D:J,7,FALSE) -> 对公应用组 | F47: 生产_智能问数实体召回策略优化 | K47: 8.5 | L47: 开发（含模型、应用、数仓等）
A48: 46104.395 | B48: 沈子新 | C48: 307311 | D48: 智能应用一部 | E48: =VLOOKUP(B48,'人员清单-202603'!D:J,7,FALSE) -> 对公应用组 | F48: 信贷场景MVP版本327版本开发 | K48: 8.5 | L48: 项目管理（含外包管理）
A49: 46104.394 | B49: 祁鑫 | C49: 304932 | D49: 智能应用一部 | E49: =VLOOKUP(B49,'人员清单-202603'!D:J,7,FALSE) -> 对公应用组 | F49: 信贷场景MVP版本327版本开发 | K49: 8.5 | L49: 项目管理（含外包管理）
... A69: 46101.381 | B69: 朱嘉玮 | C69: 307441 | D69: 智能应用一部 | E69: =VLOOKUP(B69,'人员清单-202603'!D:J,7,FALSE) -> 零售应用组 | F69: 创景AI客户经营 | K69: 4.25 | L69: 设计（含可行性方案、概设、详设等）
A70: 46101.381 | B70: 崔建文 | C70: 304059 | D70: 智能应用一部 | E70: =VLOOKUP(B70,'人员清单-202603'!D:J,7,FALSE) -> 对公应用组 | F70: 反诈机器学习模型0327版本开发测试 | I70: 关于反电诈管理项目的需求 | K70: 4.25 | L70: 开发（含模型、应用、数仓等）
A71: 46101.38 | B71: 崔建文 | C71: 304059 | D71: 智能应用一部 | E71: =VLOOKUP(B71,'人员清单-202603'!D:J,7,FALSE) -> 对公应用组 | F71: 绿色金融业务管理项目大模型场景费用预算与资源规划 | I71: 绿色金融业务管理系统 | K71: 4.25 | L71: 设计（含可行性方案、概设、详设等）
A72: 46101.376 | B72: 王友轩 | C72: 306985 | D72: 智能应用一部 | E72: =VLOOKUP(B72,'人员清单-202603'!D:J,7,FALSE) -> 零售应用组 | F72: 【AI手机银行】法律合规文件 | K72: 2.8333 | L72: 评审（含架构评审、代码评审、CAB等）
A73: 46101.376 | B73: 王友轩 | C73: 306985 | D73: 智能应用一部 | E73: =VLOOKUP(B73,'人员清单-202603'!D:J,7,FALSE) -> 零售应用组 | F73: 创景AI客户经营 | K73: 2.8333 | L73: 设计（含可行性方案、概设、详设等）
A74: 46101.376 | B74: 王友轩 | C74: 306985 | D74: 智能应用一部 | E74: =VLOOKUP(B74,'人员清单-202603'!D:J,7,FALSE) -> 零售应用组 | F74: 【通用】培训 | K74: 2.8333 | L74: 其他
A75: 46101.37 | B75: 赵家乐 | C75: 307628 | D75: 智能应用一部 | E75: =VLOOKUP(B75,'人员清单-202603'!D:J,7,FALSE) -> 对公应用组 | F75: 流水鉴真场景327版本开发 | K75: 4.25 | L75: 生产运维
A76: 46101.37 | B76: 赵家乐 | C76: 307628 | D76: 智能应用一部 | E76: =VLOOKUP(B76,'人员清单-202603'!D:J,7,FALSE) -> 对公应用组 | F76: 信贷场景MVP版本327版本开发 | K76: 4.25 | L76: 项目管理（含外包管理）
A77: 46101.369 | B77: 祁鑫 | C77: 304932 | D77: 智能应用一部 | E77: =VLOOKUP(B77,'人员清单-202603'!D:J,7,FALSE) -> 对公应用组 | F77: 信贷场景MVP版本327版本开发 | K77: 8.5 | L77: 项目管理（含外包管理）
A78: 46101.367 | B78: 沈子新 | C78: 307311 | D78: 智能应用一部 | E78: =VLOOKUP(B78,'人员清单-202603'!D:J,7,FALSE) -> 对公应用组 | F78: 2026新行员培训材料准备 | K78: 8.5 | L78: 其他
A79: 46101.367 | B79: 宛蕾 | C79: 307447 | D79: 智能应用一部 | E79: =VLOOKUP(B79,'人员清单-202603'!D:J,7,FALSE) -> 零售应用组 | F79: 客服辅助项目-智能工单场景 | K79: 8.5 | L79: 项目管理（含外包管理）
A80: 46101.366 | B80: 陈睿菁 | C80: 307451 | D80: 智能应用一部 | E80: =VLOOKUP(B80,'人员清单-202603'!D:J,7,FALSE) -> 对公应用组 | F80: 信贷场景MVP版本327版本开发 | K80: 8.5 | L80: 项目管理（含外包管理）
A81: 46101.355 | B81: 许天凝 | C81: 306180 | D81: 智能应用一部 | E81: =VLOOKUP(B81,'人员清单-202603'!D:J,7,FALSE) -> 零售应用组 | F81: 【例行工作】知识运营 | K81: 8.5 | L81: 项目管理（含外包管理）
A82: 46101.326 | B82: 张镓奇 | C82: 304773 | D82: 智能应用一部 | E82: =VLOOKUP(B82,'人员清单-202603'!D:J,7,FALSE) -> 对公应用组 | F82: 智能问数二期项目架构调整与需求书修改 | K82: 4.25 | L82: 需求澄清与分析
A83: 46101.326 | B83: 张镓奇 | C83: 304773 | D83: 智能应用一部 | E83: =VLOOKUP(B83,'人员清单-202603'!D:J,7,FALSE) -> 对公应用组 | F83: 智能问数0320投产 | K83: 4.25 | L83: 项目管理（含外包管理）
... A98: 46100.377 | B98: 朱嘉玮 | C98: 307441 | D98: 智能应用一部 | E98: =VLOOKUP(B98,'人员清单-202603'!D:J,7,FALSE) -> 零售应用组 | F98: 创景AI客户经营 | K98: 8.5 | L98: 设计（含可行性方案、概设、详设等）
A99: 46100.376 | B99: 崔建文 | C99: 304059 | D99: 智能应用一部 | E99: =VLOOKUP(B99,'人员清单-202603'!D:J,7,FALSE) -> 对公应用组 | F99: 反诈机器学习模型0327版本开发测试 | I99: 关于反电诈管理项目的需求 | K99: 4.25 | L99: 开发（含模型、应用、数仓等）
A100: 46100.376 | B100: 崔建文 | C100: 304059 | D100: 智能应用一部 | E100: =VLOOKUP(B100,'人员清单-202603'!D:J,7,FALSE) -> 对公应用组 | F100: 绿色金融业务管理项目大模型场景费用预算与资源规划 | I100: 绿色金融业务管理系统 | K100: 4.25 | L100: 设计（含可行性方案、概设、详设等）
A101: 46100.376 | B101: 王友轩 | C101: 306985 | D101: 智能应用一部 | E101: =VLOOKUP(B101,'人员清单-202603'!D:J,7,FALSE) -> 零售应用组 | F101: 【AI手机银行】法律合规文件 | K101: 4.25 | L101: 评审（含架构评审、代码评审、CAB等）
A102: 46100.376 | B102: 王友轩 | C102: 306985 | D102: 智能应用一部 | E102: =VLOOKUP(B102,'人员清单-202603'!D:J,7,FALSE) -> 零售应用组 | F102: 创景AI客户经营 | K102: 4.25 | L102: 设计（含可行性方案、概设、详设等）
A103: 46100.374 | B103: 祁鑫 | C103: 304932 | D103: 智能应用一部 | E103: =VLOOKUP(B103,'人员清单-202603'!D:J,7,FALSE) -> 对公应用组 | F103: 信贷场景MVP版本327版本开发 | K103: 8.5 | L103: 项目管理（含外包管理）
A104: 46100.374 | B104: 赵家乐 | C104: 307628 | D104: 智能应用一部 | E104: =VLOOKUP(B104,'人员清单-202603'!D:J,7,FALSE) -> 对公应用组 | F104: 流水鉴真场景327版本开发 | K104: 4.25 | L104: 生产运维
A105: 46100.373 | B105: 赵家乐 | C105: 307628 | D105: 智能应用一部 | E105: =VLOOKUP(B105,'人员清单-202603'!D:J,7,FALSE) -> 对公应用组 | F105: 信贷场景MVP版本327版本开发 | K105: 4.25 | L105: 项目管理（含外包管理）
A106: 46100.373 | B106: 陈睿菁 | C106: 307451 | D106: 智能应用一部 | E106: =VLOOKUP(B106,'人员清单-202603'!D:J,7,FALSE) -> 对公应用组 | F106: 信贷场景MVP版本327版本开发 | K106: 4.25 | L106: 项目管理（含外包管理）
A107: 46100.373 | B107: 陈睿菁 | C107: 307451 | D107: 智能应用一部 | E107: =VLOOKUP(B107,'人员清单-202603'!D:J,7,FALSE) -> 对公应用组 | F107: 学习GIT使用并整理指南 | K107: 4.25 | L107: 其他
A108: 46100.366 | B108: 吕晶 | C108: 307442 | D108: 智能应用一部 | E108: =VLOOKUP(B108,'人员清单-202603'!D:J,7,FALSE) -> 零售应用组 | F108: 远银场景大模型 | K108: 8.5 | L108: 设计（含可行性方案、概设、详设等）
A109: 46100.366 | B109: 占桐 | C109: 307307 | D109: 智能应用一部 | E109: =VLOOKUP(B109,'人员清单-202603'!D:J,7,FALSE) -> 零售应用组 | F109: 创景AI客户经营 | K109: 4.25 | L109: 设计（含可行性方案、概设、详设等）
A110: 46100.366 | B110: 占桐 | C110: 307307 | D110: 智能应用一部 | E110: =VLOOKUP(B110,'人员清单-202603'!D:J,7,FALSE) -> 零售应用组 | F110: 【AI手机银行】法律合规文件 | K110: 4.25 | L110: 评审（含架构评审、代码评审、CAB等）
A111: 46100.356 | B111: 许天凝 | C111: 306180 | D111: 智能应用一部 | E111: =VLOOKUP(B111,'人员清单-202603'!D:J,7,FALSE) -> 零售应用组 | F111: 【例行工作】知识运营 | K111: 8.5 | L111: 项目管理（含外包管理）
A112: 46100.325 | B112: 张镓奇 | C112: 304773 | D112: 智能应用一部 | E112: =VLOOKUP(B112,'人员清单-202603'!D:J,7,FALSE) -> 对公应用组 | F112: 智能问数0320投产 | K112: 8.5 | L112: 项目管理（含外包管理）
... A120: 46099.382 | B120: 张子璐 | C120: 305363 | D120: 智能应用一部 | E120: =VLOOKUP(B120,'人员清单-202603'!D:J,7,FALSE) -> 零售应用组 | F120: 【通用】外部交流 | K120: 4 | L120: 其他
A121: 46099.379 | B121: 崔建文 | C121: 304059 | D121: 智能应用一部 | E121: =VLOOKUP(B121,'人员清单-202603'!D:J,7,FALSE) -> 对公应用组 | F121: 反诈机器学习模型0327版本开发测试 | I121: 关于反电诈管理项目的需求 | K121: 4.25 | L121: 开发（含模型、应用、数仓等）
A122: 46099.379 | B122: 朱嘉玮 | C122: 307441 | D122: 智能应用一部 | E122: =VLOOKUP(B122,'人员清单-202603'!D:J,7,FALSE) -> 零售应用组 | F122: A模式POC验证-信雅达 | K122: 8.5 | L122: 评审（含架构评审、代码评审、CAB等）
A123: 46099.379 | B123: 崔建文 | C123: 304059 | D123: 智能应用一部 | E123: =VLOOKUP(B123,'人员清单-202603'!D:J,7,FALSE) -> 对公应用组 | F123: 绿色金融业务管理项目大模型场景费用预算与资源规划 | I123: 绿色金融业务管理系统 | K123: 4.25 | L123: 设计（含可行性方案、概设、详设等）
A124: 46099.378 | B124: 张雨轩 | C124: 307357 | D124: 智能应用一部 | E124: =VLOOKUP(B124,'人员清单-202603'!D:J,7,FALSE) -> 对公应用组 | F124: 本体论智能问数接口配合开发 | K124: 8.5 | L124: 项目管理（含外包管理）
A125: 46099.361 | B125: 陈睿菁 | C125: 307451 | D125: 智能应用一部 | E125: =VLOOKUP(B125,'人员清单-202603'!D:J,7,FALSE) -> 对公应用组 | F125: 信贷场景MVP版本327版本开发 | K125: 4.25 | L125: 项目管理（含外包管理）
A126: 46099.361 | B126: 陈睿菁 | C126: 307451 | D126: 智能应用一部 | E126: =VLOOKUP(B126,'人员清单-202603'!D:J,7,FALSE) -> 对公应用组 | F126: 学习GIT使用并整理指南 | K126: 4.25 | L126: 其他
A127: 46099.358 | B127: 占桐 | C127: 307307 | D127: 智能应用一部 | E127: =VLOOKUP(B127,'人员清单-202603'!D:J,7,FALSE) -> 零售应用组 | F127: 创景AI客户经营 | K127: 2.8333 | L127: 设计（含可行性方案、概设、详设等）
A128: 46099.357 | B128: 占桐 | C128: 307307 | D128: 智能应用一部 | E128: =VLOOKUP(B128,'人员清单-202603'!D:J,7,FALSE) -> 零售应用组 | F128: A模式POC-信雅达-转账场景 | K128: 2.8333 | L128: 评审（含架构评审、代码评审、CAB等）
A129: 46099.357 | B129: 占桐 | C129: 307307 | D129: 智能应用一部 | E129: =VLOOKUP(B129,'人员清单-202603'!D:J,7,FALSE) -> 零售应用组 | F129: 【AI手机银行】法律合规文件 | K129: 2.8333 | L129: 评审（含架构评审、代码评审、CAB等）
A130: 46099.354 | B130: 张镓奇 | C130: 304773 | D130: 智能应用一部 | E130: =VLOOKUP(B130,'人员清单-202603'!D:J,7,FALSE) -> 对公应用组 | F130: 火山NL2SQL产品POC测试 | K130: 4.25 | L130: 项目管理（含外包管理）
A131: 46099.348 | B131: 许天凝 | C131: 306180 | D131: 智能应用一部 | E131: =VLOOKUP(B131,'人员清单-202603'!D:J,7,FALSE) -> 零售应用组 | F131: 【例行工作】知识运营 | K131: 8.5 | L131: 项目管理（含外包管理）
A132: 46099.326 | B132: 张镓奇 | C132: 304773 | D132: 智能应用一部 | E132: =VLOOKUP(B132,'人员清单-202603'!D:J,7,FALSE) -> 对公应用组 | F132: 智能问数0320投产 | K132: 4.25 | L132: 项目管理（含外包管理）
A133: 46098.581 | B133: 占桐 | C133: 307307 | D133: 智能应用一部 | E133: =VLOOKUP(B133,'人员清单-202603'!D:J,7,FALSE) -> 零售应用组 | F133: A模式POC-信雅达-转账场景 | K133: 4.25 | L133: 评审（含架构评审、代码评审、CAB等）
A134: 46098.442 | B134: 张雨轩 | C134: 307357 | D134: 智能应用一部 | E134: =VLOOKUP(B134,'人员清单-202603'!D:J,7,FALSE) -> 对公应用组 | F134: 本体论智能问数接口配合开发 | K134: 4.25 | L134: 项目管理（含外包管理）
A135: 46098.442 | B135: 张雨轩 | C135: 307357 | D135: 智能应用一部 | E135: =VLOOKUP(B135,'人员清单-202603'!D:J,7,FALSE) -> 对公应用组 | F135: 行内大模型问答助手测试调优 | K135: 4.25 | L135: 生产运维
... A138: 46098.4 | B138: 祁鑫 | C138: 304932 | D138: 智能应用一部 | E138: =VLOOKUP(B138,'人员清单-202603'!D:J,7,FALSE) -> 对公应用组 | F138: 信贷场景MVP版本327版本开发 | K138: 8.5 | L138: 项目管理（含外包管理）
A139: 46098.398 | B139: 吕晶 | C139: 307442 | D139: 智能应用一部 | E139: =VLOOKUP(B139,'人员清单-202603'!D:J,7,FALSE) -> 零售应用组 | F139: 会话式人工智能技改功能研究 | G139: 会话式人工智能服务 | K139: 8.5 | L139: 培训学习
A140: 46098.38 | B140: 崔建文 | C140: 304059 | D140: 智能应用一部 | E140: =VLOOKUP(B140,'人员清单-202603'!D:J,7,FALSE) -> 对公应用组 | F140: 反诈机器学习模型0327版本开发测试 | I140: 关于反电诈管理项目的需求 | K140: 4.25 | L140: 开发（含模型、应用、数仓等）
A141: 46098.38 | B141: 崔建文 | C141: 304059 | D141: 智能应用一部 | E141: =VLOOKUP(B141,'人员清单-202603'!D:J,7,FALSE) -> 对公应用组 | F141: 绿色金融业务管理项目大模型场景费用预算与资源规划 | I141: 绿色金融业务管理系统 | K141: 4.25 | L141: 设计（含可行性方案、概设、详设等）
A142: 46098.369 | B142: 张子璐 | C142: 305363 | D142: 智能应用一部 | E142: =VLOOKUP(B142,'人员清单-202603'!D:J,7,FALSE) -> 零售应用组 | F142: 【中试基地】材料准备 | K142: 8.5 | L142: 项目管理（含外包管理）
...

Sheet 人员清单-202603
A1: 实际内设部 | B1: EHR内设部 | C1: 内设部是否变动 | D1: 姓名 | E1: 工号 | F1: 现岗位 | G1: 拟岗位 | H1: 岗位是否变动 | I1: 现角色标签 （组长/骨干） | J1: 拟分组
A2: 信息管理部 | B2: 信息管理部 | C2: 0 | D2: 舒宝龙 | E2: 305069 | F2: 数据分析 | G2: 数据分析 | H2: 0 | I2: 组长 | J2: 负责人 | K2: =C2+H2 -> 0
A3: 信息管理部 | B3: 信息管理部 | C3: 0 | D3: 任若琳 | E3: 307309 | F3: 数据分析 | G3: 需求分析 | H3: 1 | J3: 服务管理组 | K3: =C3+H3 -> 1
A4: 信息管理部 | B4: 信息管理部 | C4: 0 | D4: 成绘茜 | E4: 307444 | F4: 数据分析 | G4: 需求分析 | H4: 1 | J4: 服务管理组 | K4: =C4+H4 -> 1
A5: 信息管理部 | B5: 信息管理部 | C5: 0 | D5: 陆应佳玥 | E5: 305199 | F5: 数据分析 | G5: 需求分析 | H5: 1 | J5: 服务管理组 | K5: =C5+H5 -> 1
A6: 信息管理部 | B6: 信息管理部 | C6: 0 | D6: 李小萌 | E6: 306533 | F6: 数据分析 | G6: 需求分析 | H6: 1 | J6: 服务管理组 | K6: =C6+H6 -> 1
A7: 信息管理部 | B7: 信息管理部 | C7: 0 | D7: 宋轲 | E7: 307028 | F7: 数据分析 | G7: 数据分析 | H7: 0 | J7: 服务支持组 | K7: =C7+H7 -> 0
A8: 信息管理部 | B8: 信息管理部 | C8: 0 | D8: 张文婉 | E8: 304804 | F8: 数据分析 | G8: 数据分析 | H8: 0 | J8: 服务支持组 | K8: =C8+H8 -> 0
A9: 信息管理部 | B9: 信息管理部 | C9: 0 | D9: 刘雅雯 | E9: 307443 | F9: 数据分析 | G9: 数据分析 | H9: 0 | J9: 服务支持组 | K9: =C9+H9 -> 0
A10: 信息管理部 | B10: 信息管理部 | C10: 0 | D10: 孙菡悦 | E10: 305446 | F10: 数据分析 | G10: 数据分析 | H10: 0 | J10: 服务支持组 | K10: =C10+H10 -> 0
A11: 信息管理部 | B11: 信息管理部 | C11: 0 | D11: 刘思言 | E11: 305409 | F11: 数据分析 | G11: 数据分析 | H11: 0 | J11: 服务支持组 | K11: =C11+H11 -> 0
A12: 信息管理部 | B12: 信息管理部 | C12: 0 | D12: 谢丹伶 | E12: 305588 | F12: 数据分析 | G12: 数据分析 | H12: 0 | J12: 服务支持组 | K12: =C12+H12 -> 0
A13: 数据测试部 | B13: 综合管理部 | C13: 1 | D13: 杨萍 | E13: 306253 | F13: 数据测试 | G13: 负责人 | H13: 1 | I13: 组长 | J13: 负责人 | K13: =C13+H13 -> 2
A14: 数据测试部 | B14: 综合管理部 | C14: 1 | D14: 马亦沁 | E14: 305419 | F14: 数据测试 | G14: 数据测试 | H14: 0 | J14: 测试管理组 | K14: =C14+H14 -> 1
A15: 数据测试部 | B15: 综合管理部 | C15: 1 | D15: 蒋书润 | E15: 306762 | F15: 数据测试 | G15: 数据测试 | H15: 0 | J15: 测试管理组 | K15: =C15+H15 -> 1
A16: 数据测试部 | B16: 综合管理部 | C16: 1 | D16: 陈世辉 | E16: 306537 | F16: 数据测试 | G16: 数据测试 | H16: 0 | I16: 骨干 | J16: 测试管理组 | K16: =C16+H16 -> 1
A17: 数据测试部 | B17: 综合管理部 | C17: 1 | D17: 曹翔 | E17: 306530 | F17: 数据测试 | G17: 数据测试 | H17: 0 | J17: 测试管理组 | K17: =C17+H17 -> 1
A18: 数据开发部 | B18: 数据开发部 | C18: 0 | D18: 顾恺 | E18: 319914 | F18: 负责人 | G18: 负责人 | H18: 0 | J18: 负责人 | K18: =C18+H18 -> 0
A19: 数据开发部 | B19: 数据开发部 | C19: 0 | D19: 杨青 | E19: 302330 | F19: 数据研发 | G19: 架构管理 | H19: 1 | J19: 协管 | K19: =C19+H19 -> 1
A20: 数据开发部 | B20: 数据开发部 | C20: 0 | D20: 黄哲睿 | E20: 302570 | F20: 数据研发 | G20: 架构管理 | H20: 1 | I20: 组长 | J20: 模型设计组 | K20: =C20+H20 -> 1
A21: 数据开发部 | B21: 数据开发部 | C21: 0 | D21: 林幸 | E21: 304814 | F21: 数据研发 | G21: 数据研发 | H21: 0 | I21: 骨干 | J21: 模型设计组 | K21: =C21+H21 -> 0
A22: 数据开发部 | B22: 数据开发部 | C22: 0 | D22: 姚志环 | E22: 303494 | F22: 数据研发 | G22: 数据研发 | H22: 0 | I22: 骨干 | J22: 模型设计组 | K22: =C22+H22 -> 0
A23: 数据开发部 | B23: 数据开发部 | C23: 0 | D23: 窦博文 | E23: 303569 | F23: 数据研发 | G23: 架构管理 | H23: 1 | J23: 模型设计组 | K23: =C23+H23 -> 1
A24: 数据开发部 | B24: 数据开发部 | C24: 0 | D24: 田振宇 | E24: 305405 | F24: 数据研发 | G24: 数据研发 | H24: 0 | J24: 模型设计组 | K24: =C24+H24 -> 0
A25: 数据开发部 | B25: 数据开发部 | C25: 0 | D25: 陆慧 | E25: 306252 | F25: 数据研发 | G25: 架构管理 | H25: 1 | I25: 骨干 | J25: 模型设计组 | K25: =C25+H25 -> 1
A26: 数据开发部 | B26: 数据开发部 | C26: 0 | D26: 周影 | E26: 303060 | F26: 数据研发 | G26: 数据研发 | H26: 0 | I26: 骨干 | J26: 模型设计组 | K26: =C26+H26 -> 0
A27: 数据开发部 | B27: 数据开发部 | C27: 0 | D27: 郑卞钰 | E27: 304792 | F27: 数据研发 | G27: 数据研发 | H27: 0 | J27: 模型设计组 | K27: =C27+H27 -> 0
A28: 数据开发部 | B28: 数据开发部 | C28: 0 | D28: 潘修滔 | E28: 305341 | F28: 数据研发 | G28: 数据研发 | H28: 0 | J28: 模型设计组 | K28: =C28+H28 -> 0
A29: 数据开发部 | B29: 数据开发部 | C29: 0 | D29: 赵雅婷 | E29: 306177 | F29: 数据研发 | G29: 数据研发 | H29: 0 | J29: 模型设计组 | K29: =C29+H29 -> 0
A30: 数据开发部 | B30: 数据开发部 | C30: 0 | D30: 兰昕蕾 | E30: 304064 | F30: 数据研发 | G30: 数据研发 | H30: 0 | I30: 组长 | J30: 数仓开发组 | K30: =C30+H30 -> 0
A31: 数据开发部 | B31: 数据开发部 | C31: 0 | D31: 袁凯 | E31: 305432 | F31: 数据研发 | G31: 数据研发 | H31: 0 | J31: 数仓开发组 | K31: =C31+H31 -> 0
A32: 数据开发部 | B32: 数据开发部 | C32: 0 | D32: 王萌萌 | E32: 306175 | F32: 数据研发 | G32: 数据研发 | H32: 0 | J32: 数仓开发组 | K32: =C32+H32 -> 0
A33: 数据开发部 | B33: 数据开发部 | C33: 0 | D33: 连静 | E33: 306532 | F33: 数据研发 | G33: 数据研发 | H33: 0 | J33: 数仓开发组 | K33: =C33+H33 -> 0
A34: 数据开发部 | B34: 数据开发部 | C34: 0 | D34: 曹婕 | E34: 305401 | F34: 数据研发 | G34: 数据研发 | H34: 0 | J34: 数仓开发组 | K34: =C34+H34 -> 0
A35: 数据开发部 | B35: 数据开发部 | C35: 0 | D35: 李禹凝 | E35: 306190 | F35: 数据研发 | G35: 数据研发 | H35: 0 | J35: 数仓开发组 | K35: =C35+H35 -> 0
A36: 数据开发部 | B36: 数据开发部 | C36: 0 | D36: 吴越 | E36: 307139 | F36: 数据研发 | G36: 数据研发 | H36: 0 | J36: 数仓开发组 | K36: =C36+H36 -> 0
A37: 数据开发部 | B37: 数据开发部 | C37: 0 | D37: 诸倩铷 | E37: 306187 | F37: 数据研发 | G37: 数据研发 | H37: 0 | J37: 数仓开发组 | K37: =C37+H37 -> 0
A38: 数据开发部 | B38: 数据开发部 | C38: 0 | D38: 罗仁杰 | E38: 319957 | F38: 数据研发 | G38: 数据研发 | H38: 0 | I38: 组长 | J38: 数据接入组 | K38: =C38+H38 -> 0
A39: 数据开发部 | B39: 数据开发部 | C39: 0 | D39: 李卓辉 | E39: 302476 | F39: 数据研发 | G39: 数据研发 | H39: 0 | J39: 数据接入组 | K39: =C39+H39 -> 0
A40: 数据开发部 | B40: 数据开发部 | C40: 0 | D40: 李凯文 | E40: 305481 | F40: 数据研发 | G40: 数据研发 | H40: 0 | J40: 数据接入组 | K40: =C40+H40 -> 0
A41: 数据开发部 | B41: 数据开发部 | C41: 0 | D41: 杜乐 | E41: 306534 | F41: 数据研发 | G41: 数据研发 | H41: 0 | J41: 数据接入组 | K41: =C41+H41 -> 0
A42: 数据开发部 | B42: 数据开发部 | C42: 0 | D42: 邹小芳 | E42: 305042 | F42: 数据研发 | G42: 数据研发 | H42: 0 | I42: 组长 | J42: 应用开发组 | K42: =C42+H42 -> 0
A43: 数据开发部 | B43: 数据开发部 | C43: 0 | D43: 马富强 | E43: 305026 | F43: 数据研发 | G43: 数据研发 | H43: 0 | I43: 骨干 | J43: 应用开发组 | K43: =C43+H43 -> 0
A44: 数据开发部 | B44: 数据开发部 | C44: 0 | D44: 胡庆 | E44: 306171 | F44: 数据研发 | G44: 数据研发 | H44: 0 | J44: 应用开发组 | K44: =C44+H44 -> 0
A45: 数据开发部 | B45: 数据开发部 | C45: 0 | D45: 陈科宇 | E45: 303447 | F45: 数据研发 | G45: 数据研发 | H45: 0 | J45: 应用开发组 | K45: =C45+H45 -> 0
A46: 数据开发部 | B46: 数据开发部 | C46: 0 | D46: 张倩 | E46: 305396 | F46: 数据研发 | G46: 数据研发 | H46: 0 | J46: 应用开发组 | K46: =C46+H46 -> 0
A47: 数据开发部 | B47: 数据开发部 | C47: 0 | D47: 陈晨 | E47: 306545 | F47: 数据研发 | G47: 数据研发 | H47: 0 | J47: 应用开发组 | K47: =C47+H47 -> 0
A48: 数据开发部 | B48: 数据开发部 | C48: 0 | D48: 骆静龙 | E48: 305421 | F48: 数据研发 | G48: 数据研发 | H48: 0 | I48: 骨干 | J48: 应用开发组 | K48: =C48+H48 -> 0
A49: 数据开发部 | B49: 数据开发部 | C49: 0 | D49: 陈佳宁 | E49: 307133 | F49: 数据研发 | G49: 数据研发 | H49: 0 | J49: 应用开发组 | K49: =C49+H49 -> 0
A50: 数据开发部 | B50: 数据开发部 | C50: 0 | D50: 张雅淇 | E50: 303482 | F50: 数据研发 | G50: 数据研发 | H50: 0 | J50: 应用开发组 | K50: =C50+H50 -> 0
A51: 数据开发部 | B51: 数据开发部 | C51: 0 | D51: 陈笑轩 | E51: 304812 | F51: 数据研发 | G51: 数据研发 | H51: 0 | J51: 应用开发组 | K51: =C51+H51 -> 0
A52: 数据开发部 | B52: 数据开发部 | C52: 0 | D52: 梅苏源 | E52: 306525 | F52: 数据研发 | G52: 数据研发 | H52: 0 | J52: 应用开发组 | K52: =C52+H52 -> 0
A53: 数据开发部 | B53: 数据开发部 | C53: 0 | D53: 胡雯 | E53: 304805 | F53: 数据研发 | G53: 数据研发 | H53: 0 | J53: 应用开发组 | K53: =C53+H53 -> 0
A54: 数据开发部 | B54: 数据开发部 | C54: 0 | D54: 阮靖龙 | E54: 306523 | F54: 数据研发 | G54: 数据研发 | H54: 0 | J54: 应用开发组 | K54: =C54+H54 -> 0
A55: 数据开发部 | B55: 数据开发部 | C55: 0 | D55: 王言哲 | E55: 304765 | F55: 数据研发 | G55: 数据研发 | H55: 0 | I55: 骨干 | J55: 应用开发组 | K55: =C55+H55 -> 0
A56: 数据开发部 | B56: 数据开发部 | C56: 0 | D56: 王子枫 | E56: 305473 | F56: 数据研发 | G56: 数据研发 | H56: 0 | J56: 应用开发组 | K56: =C56+H56 -> 0
A57: 数据开发部 | B57: 数据开发部 | C57: 0 | D57: 丁晨 | E57: 304795 | F57: 数据研发 | G57: 数据研发 | H57: 0 | I57: 组长 | J57: 应用开发组 | K57: =C57+H57 -> 0
A58: 数据开发部 | B58: 数据开发部 | C58: 0 | D58: 周龙 | E58: 301732 | F58: 数据研发 | G58: 数据研发 | H58: 0 | I58: 骨干 | J58: 应用开发组 | K58: =C58+H58 -> 0
A59: 数据开发部 | B59: 数据开发部 | C59: 0 | D59: 钱磊 | E59: 305087 | F59: 数据研发 | G59: 数据研发 | H59: 0 | J59: 应用开发组 | K59: =C59+H59 -> 0
A60: 数据开发部 | B60: 数据开发部 | C60: 0 | D60: 龚毅磊 | E60: 306066 | F60: 数据研发 | G60: 数据研发 | H60: 0 | J60: 应用开发组 | K60: =C60+H60 -> 0
A61: 数据开发部 | B61: 数据开发部 | C61: 0 | D61: 吴小倩 | E61: 304799 | F61: 数据研发 | G61: 数据研发 | H61: 0 | J61: 应用开发组 | K61: =C61+H61 -> 0
A62: 数据开发部 | B62: 数据开发部 | C62: 0 | D62: 景丞 | E62: 305888 | F62: 数据研发 | G62: 数据研发 | H62: 0 | J62: 应用开发组 | K62: =C62+H62 -> 0
A63: 数据开发部 | B63: 数据开发部 | C63: 0 | D63: 康冉 | E63: 303473 | F63: 数据研发 | G63: 数据研发 | H63: 0 | I63: 骨干 | J63: 应用开发组 | K63: =C63+H63 -> 0
A64: 数据开发部 | B64: 数据开发部 | C64: 0 | D64: 卫彩萍 | E64: 306527 | F64: 数据研发 | G64: 数据研发 | H64: 0 | J64: 应用开发组 | K64: =C64+H64 -> 0
A65: 数据开发部 | B65: 数据开发部 | C65: 0 | D65: 刘梦颖 | E65: 305907 | F65: 数据研发 | G65: 数据研发 | H65: 0 | J65: 应用开发组 | K65: =C65+H65 -> 0
A66: 数据开发部 | B66: 数据开发部 | C66: 0 | D66: 徐倩茹 | E66: 307138 | F66: 数据研发 | G66: 数据研发 | H66: 0 | J66: 应用开发组 | K66: =C66+H66 -> 0
A67: 数据平台部 | B67: 数据平台部 | C67: 0 | D67: 吴证 | E67: 306844 | F67: 数据研发 | G67: 负责人 | H67: 1 | J67: 负责人 | K67: =C67+H67 -> 1
A68: 数据平台部 | B68: 数据平台部 | C68: 0 | D68: 曹宁远 | E68: 303401 | F68: 数据研发 | G68: 应用研发 | H68: 1 | I68: 组长 | J68: 工具开发组 | K68: =C68+H68 -> 1
A69: 数据平台部 | B69: 数据平台部 | C69: 0 | D69: 伍恒 | E69: 302573 | F69: 数据研发 | G69: 应用研发 | H69: 1 | I69: 骨干 | J69: 工具开发组 | K69: =C69+H69 -> 1
A70: 数据平台部 | B70: 数据平台部 | C70: 0 | D70: 濮敏 | E70: 303930 | F70: 数据研发 | G70: 应用研发 | H70: 1 | J70: 工具开发组 | K70: =C70+H70 -> 1
A71: 数据平台部 | B71: 数据平台部 | C71: 0 | D71: 沈志贇 | E71: 305350 | F71: 数据研发 | G71: 应用研发 | H71: 1 | J71: 工具开发组 | K71: =C71+H71 -> 1
A72: 数据平台部 | B72: 数据平台部 | C72: 0 | D72: 朱文川 | E72: 305484 | F72: 数据研发 | G72: 应用研发 | H72: 1 | I72: 骨干 | J72: 工具开发组 | K72: =C72+H72 -> 1
A73: 数据平台部 | B73: 数据平台部 | C73: 0 | D73: 王双钰 | E73: 305184 | F73: 数据研发 | G73: 应用研发 | H73: 1 | J73: 工具开发组 | K73: =C73+H73 -> 1
A74: 数据平台部 | B74: 数据平台部 | C74: 0 | D74: 吕丽丽 | E74: 306191 | F74: 数据研发 | G74: 应用研发 | H74: 1 | J74: 工具开发组 | K74: =C74+H74 -> 1
A75: 数据平台部 | B75: 数据平台部 | C75: 0 | D75: 陈玉思 | E75: 306538 | F75: 数据研发 | G75: 应用研发 | H75: 1 | J75: 工具开发组 | K75: =C75+H75 -> 1
A76: 数据平台部 | B76: 数据平台部 | C76: 0 | D76: 鞠爱宁 | E76: 302551 | F76: 数据研发 | G76: 应用研发 | H76: 1 | I76: 组长 | J76: 数据服务组 | K76: =C76+H76 -> 1
A77: 数据平台部 | B77: 数据平台部 | C77: 0 | D77: 周浩 | E77: 303415 | F77: 数据研发 | G77: 应用研发 | H77: 1 | J77: 数据服务组 | K77: =C77+H77 -> 1
A78: 数据平台部 | B78: 数据平台部 | C78: 0 | D78: 胡帆 | E78: 304775 | F78: 数据研发 | G78: 应用研发 | H78: 1 | I78: 骨干 | J78: 数据服务组 | K78: =C78+H78 -> 1
A79: 数据平台部 | B79: 数据平台部 | C79: 0 | D79: 安新宜 | E79: 305188 | F79: 数据研发 | G79: 应用研发 | H79: 1 | J79: 数据服务组 | K79: =C79+H79 -> 1
A80: 数据平台部 | B80: 数据平台部 | C80: 0 | D80: 张放 | E80: 305337 | F80: 数据研发 | G80: 应用研发 | H80: 1 | J80: 数据服务组 | K80: =C80+H80 -> 1
A81: 数据平台部 | B81: 数据平台部 | C81: 0 | D81: 王新蕾 | E81: 306539 | F81: 数据研发 | G81: 应用研发 | H81: 1 | J81: 数据服务组 | K81: =C81+H81 -> 1
A82: 数据平台部 | B82: 数据平台部 | C82: 0 | D82: 任欣宇 | E82: 307135 | F82: 数据研发 | G82: 应用研发 | H82: 1 | J82: 数据服务组 | K82: =C82+H82 -> 1
A83: 数据平台部 | B83: 数据平台部 | C83: 0 | D83: 刘金良 | E83: 307351 | F83: 数据研发 | G83: 应用研发 | H83: 1 | J83: 数据服务组 | K83: =C83+H83 -> 1
A84: 数据平台部 | B84: 数据平台部 | C84: 0 | D84: 万珊红 | E84: 304077 | F84: 数据研发 | G84: 应用研发 | H84: 1 | J84: 数据服务组 | K84: =C84+H84 -> 1
A85: 数据平台部 | B85: 数据平台部 | C85: 0 | D85: 陆凯华 | E85: 304826 | F85: 数据研发 | G85: 应用研发 | H85: 1 | I85: 骨干 | J85: 数据服务组 | K85: =C85+H85 -> 1
A86: 数据平台部 | B86: 数据平台部 | C86: 0 | D86: 白迪 | E86: 303028 | F86: 数据研发 | G86: 架构管理 | H86: 1 | J86: 协管 | K86: =C86+H86 -> 1
A87: 数据平台部 | B87: 数据平台部 | C87: 0 | D87: 魏佳翔 | E87: 306836 | F87: 数据研发 | G87: 应用研发 | H87: 1 | I87: 组长 | J87: 应用开发组 | K87: =C87+H87 -> 1
A88: 数据平台部 | B88: 数据平台部 | C88: 0 | D88: 王正超 | E88: 303471 | F88: 数据研发 | G88: 应用研发 | H88: 1 | I88: 骨干 | J88: 应用开发组 | K88: =C88+H88 -> 1
A89: 数据平台部 | B89: 数据平台部 | C89: 0 | D89: 梅凯磊 | E89: 304855 | F89: 数据研发 | G89: 应用研发 | H89: 1 | J89: 应用开发组 | K89: =C89+H89 -> 1
A90: 数据平台部 | B90: 数据平台部 | C90: 0 | D90: 李敏吉 | E90: 306531 | F90: 数据研发 | G90: 应用研发 | H90: 1 | J90: 应用开发组 | K90: =C90+H90 -> 1
A91: 数据平台部 | B91: 数据平台部 | C91: 0 | D91: 刘惠 | E91: 305266 | F91: 数据研发 | G91: 应用研发 | H91: 1 | J91: 应用开发组 | K91: =C91+H91 -> 1
A92: 数据平台部 | B92: 数据平台部 | C92: 0 | D92: 嵇雅娟 | E92: 305131 | F92: 数据研发 | G92: 应用研发 | H92: 1 | I92: 骨干 | J92: 应用开发组 | K92: =C92+H92 -> 1
A93: 数据平台部 | B93: 数据平台部 | C93: 0 | D93: 佟嘉欣 | E93: 307134 | F93: 数据研发 | G93: 应用研发 | H93: 1 | J93: 应用开发组 | K93: =C93+H93 -> 1
A94: 数据平台部 | B94: 数据平台部 | C94: 0 | D94: 张顺 | E94: 307136 | F94: 数据研发 | G94: 应用研发 | H94: 1 | J94: 应用开发组 | K94: =C94+H94 -> 1
A95: 数据平台部 | B95: 数据开发部 | C95: 1 | D95: 张必歌 | E95: 304793 | F95: 数据研发 | G95: 应用研发 | H95: 1 | J95: 应用开发组 | K95: =C95+H95 -> 2
A96: 数据平台部 | B96: 数据平台部 | C96: 0 | D96: 史朋飞 | E96: 307234 | F96: 数据研发 | G96: 架构管理 | H96: 1 | I96: 组长 | J96: 运维支持组 | K96: =C96+H96 -> 1
A97: 数据平台部 | B97: 数据平台部 | C97: 0 | D97: 李天卓 | E97: 303450 | F97: 数据研发 | G97: 架构管理 | H97: 1 | I97: 骨干 | J97: 运维支持组 | K97: =C97+H97 -> 1
A98: 数据平台部 | B98: 数据平台部 | C98: 0 | D98: 冯晓煜 | E98: 303436 | F98: 数据研发 | G98: 架构管理 | H98: 1 | J98: 运维支持组 | K98: =C98+H98 -> 1
A99: 数据平台部 | B99: 数据平台部 | C99: 0 | D99: 冯潇 | E99: 304085 | F99: 数据研发 | G99: 架构管理 | H99: 1 | J99: 运维支持组 | K99: =C99+H99 -> 1
A100: 数据平台部 | B100: 数据平台部 | C100: 0 | D100: 陈朗 | E100: 306526 | F100: 数据研发 | G100: 架构管理 | H100: 1 | J100: 运维支持组 | K100: =C100+H100 -> 1
...
